"時間(hr)","降雨強度(mm/hr)","累積降雨(mm)","單位時間降雨(mm)","單位時間降雨百分比(%)","設計雨型(%)","設計雨型(mm)","P","Ia","Fa","Pe","超滲降雨RE (cm)","降雨逕流(cms)"
0.166666666666667,154.084284798699,25.6807141331166,25.6807141331166,0.0860108579008299,0.00271420701739954,0.659552305228087,0.659552305228087,0.659552305228087,0,0,0,0
0.333333333333333,124.971717531917,41.6572391773057,15.9765250441891,0.0535092060992477,0.00273840309243927,0.665431951462742,1.32498425669083,1.32498425669083,0,0,0,0
0.5,106.906926915742,53.4534634578709,11.7962242805652,0.0395083783536079,0.00276317176380773,0.671450738605279,1.99643499529611,1.99643499529611,0,0,0,0
0.666666666666667,94.3890509686444,62.9260339790963,9.47257052122539,0.0317259057841407,0.00278853526720155,0.677614069929977,2.67404906522609,2.67404906522609,0,0,0,0
0.833333333333333,85.0999607305283,70.9166339421069,7.99059996301058,0.0267624316986808,0.0028145170487966,0.683927642857573,3.35797670808366,3.35797670808366,0,0,0,0
1,77.8767195802673,77.8767195802673,6.96008563816039,0.0233109925876026,0.00284114185058815,0.690397469692921,4.04837417777658,4.04837417777658,0,0,0,0
1.16666666666667,72.065472417229,84.0763844867671,6.19966490649985,0.0207641615627068,0.00286843580315939,0.697029900167732,4.74540407794431,4.74540407794431,0,0,0,0
1.33333333333333,67.2676080406507,89.6901440542009,5.61375956743376,0.0188018243550836,0.00289642652665289,0.703831645976653,5.44923572392096,5.44923572392096,0,0,0,0
1.5,63.2249323847427,94.837398577114,5.14725452291314,0.0172393873104478,0.00292514324080811,0.710809807516371,6.16004553143734,5.64444444444445,0.506350404432566,0.00925068256032469,0.000925068256032469,0
1.66666666666667,59.7621203432311,99.6035339053852,4.7661353282712,0.0159629279127959,0.00295461688504441,0.71797190306579,6.87801743450313,5.64444444444445,1.18191244887024,0.051660541188441,0.00424098586281163,8.31992529039959e-06
1.83333333333333,56.7555268362229,104.051799199742,4.4482652943567,0.0148983050920974,0.00298488024968368,0.725325900673134,7.60334333517626,5.64444444444445,1.8317569979655,0.127141892766314,0.00754813515778729,4.13257363434721e-05
2,54.1152043685585,108.230408737117,4.17860953737507,0.0139951634241646,0.00301596811954732,0.732880253049998,8.33622358822626,5.64444444444445,2.45739748373353,0.234381660048278,0.0107239767281964,8.32171511244018e-05
2.16666666666667,51.7740003720895,112.177000806194,3.94659206907697,0.0132180813931566,0.00304791743133488,0.740643935814375,9.07686752404063,5.64444444444445,3.06023352937343,0.372189550222753,0.0137807890174475,0.000125972243291002
2.33333333333333,49.6806654624561,115.921552745731,3.74455193953695,0.0125414006442469,0.0030807674463516,0.748626489463438,9.82549401350407,5.64444444444445,3.64156159353868,0.539487975520947,0.0167298425298195,0.000167668205035958
2.5,47.7953410462804,119.488352615701,3.56679986997013,0.011946066421147,0.00311455994039294,0.756838065515485,10.5823320790196,5.64444444444445,4.20258445261983,0.735303181955281,0.0195815206434334,0.000207977731583618
2.66666666666667,46.0865145255126,122.897372068034,3.40901945233256,0.0114176220402543,0.00314933941282483,0.765289477316433,11.347621556336,5.64444444444445,4.74441966738015,0.958757444511397,0.0223454262556116,0.000246921643233061
2.83333333333333,44.5289105400648,126.165246530184,3.26787446214999,0.0109448936873323,0.00318515331717723,0.773992256074066,12.1216138124101,5.64444444444445,5.26810715970558,1.20906220826003,0.0250304763748632,0.000284628189703603
3,43.101996828442,129.305990485326,3.14074395514247,0.0105191031927065,0.00322205231591765,0.782958712767988,12.904572525178,5.64444444444445,5.77461600786886,1.48551207286473,0.0276449864604704,0.00032122143858738
3.16666666666667,41.7889040762265,132.331529574717,3.02553908939129,0.01013325452486,0.00326009056243365,0.792202006671377,13.6967745318494,5.64444444444445,6.26485055400991,1.78747953339507,0.0301967460530335,0.000356816862617537
3.33333333333333,40.575630971411,135.252103238037,2.92057366331943,0.00978170019114606,0.00329932601372441,0.801736221335032,14.4985107531845,5.64444444444445,6.73965590506387,2.11441040367614,0.0326930870281073,0.000391522409800774
3.5,39.4504497318639,138.076574061524,2.82447082348699,0.00945982877986646,0.00333982077779876,0.811576449005099,15.3100872021896,5.64444444444445,7.19982289775175,2.46581985999336,0.035140945631722,0.000425439466294377
3.66666666666667,38.4034551053664,140.812668719677,2.73609465815289,0.00916383585073802,0.00338164150042007,0.821738884602078,16.1318260867916,5.64444444444445,7.64609258919546,2.84128905315172,0.0375469193158364,0.000458663728677409
3.83333333333333,37.4262177304927,143.467167966889,2.65449924721193,0.00889055329093752,0.00342485979654038,0.832240930559312,16.9640670173509,5.64444444444445,8.07916032697609,3.2404622459304,0.039917319277868,0.000491286000175469
4,36.511514534875,146.0460581395,2.57889017261141,0.00863732040427521,0.00346955273263492,0.843101314030286,17.8071683313812,5.64444444444445,8.49967944582231,3.66304444111448,0.0422582195184072,0.0005233929237026
4.16666666666667,35.65311676908,148.5546532045,2.50859506500018,0.00840188526487322,0.00351580336714929,0.854340218217279,18.6615085495985,5.64444444444445,8.90826463242393,4.10879947273012,0.0445755031615649,0.000555067663229919
4.33333333333333,34.8456216930065,150.997694003028,2.44304079852819,0.00818232833709119,0.00356370135748582,0.865979429869053,19.5274879794676,5.64444444444445,9.30549499497664,4.57754854004647,0.0468749067316345,0.000586390543930758
4.5,34.0843176988432,153.379429644794,2.38173564176614,0.00797700269468436,0.00361334364338117,0.878042505341623,20.4055304848092,5.64444444444445,9.69191686985899,5.06916917050575,0.0491620630459275,0.000617439660757632
4.66666666666667,33.3650753128218,155.703684793169,2.32425514837402,0.00778448676527553,0.00366483521824534,0.890554958033617,21.2960854428428,5.64444444444445,10.0680463942285,5.58359460416987,0.0514425433664128,0.000648291464550876
4.83333333333333,32.6842584195564,157.973915694522,2.27023090135395,0.00760354663216412,0.00371829000210218,0.90354447051083,22.1996299133536,5.64444444444445,10.4343718702188,6.12081359869041,0.053721899452054,0.000679021334450726
5,32.0386514303615,160.193257151807,2.21934145728494,0.00743310570440083,0.00377383183224801,0.917041135236266,23.1166710485899,5.64444444444445,10.791355943759,6.68087066038641,0.0560057061695996,0.000709704145279617
5.16666666666667,31.4253991267272,162.364562154757,2.17130500294959,0.00727222012207315,0.00383159559077226,0.93107772855766,24.0477487771476,5.64444444444445,11.1394376187665,7.2638667139366,0.058299605355019,0.000740414838679675
5.33333333333333,30.8419566584051,164.490435511494,2.12587335673706,0.00712005866556801,0.00389172849173653,0.945690023491977,24.9934388006395,5.64444444444445,11.4790341255391,7.86996023065604,0.0606093516719438,0.00077122900714958
5.5,30.2860477357113,166.573262546412,2.08282703491795,0.00697588623134579,0.00395439155530631,0.960917147939434,25.954355948579,5.64444444444445,11.8105426605644,8.49936884357013,0.0629408612914094,0.000802223500742445
5.66666666666667,29.7556294789619,168.615233714118,2.04197116770567,0.00683905015385215,0.0040197613016129,0.976801996291934,26.9311579448709,5.64444444444445,12.1343420136375,9.15237148678898,0.0653002643218844,0.000833477067103968
5.83333333333333,29.2488627107169,170.618365812515,2.00313209839757,0.00670896881522803,0.00408803170393124,0.993391704055291,27.9245496489262,5.64444444444445,12.4507940971229,9.82931110735884,0.0676939620569868,0.000865071036789993
6,28.7640867246435,172.584520347861,1.96615453534571,0.00658512210657784,0.00415941644916842,1.01073819714793,28.9352878460741,5.64444444444445,12.7602453914025,10.5305980102272,0.0701286902868326,0.000897090067481059
6.16666666666667,28.299797757093,174.515419502073,1.93089915421237,0.00646704339734955,0.00423415156417261,1.02889883009394,29.9641866761681,5.64444444444445,13.0630283200103,11.2567139117134,0.0726115901486192,0.000929622962893417
6.33333333333333,27.8546305375706,176.412660071281,1.89724056920727,0.00635431274052239,0.00431249847954982,1.04793713053061,31.0121238066987,5.64444444444445,13.3594625676828,12.0082167945714,0.0751502882858043,0.000962763584998456
6.5,27.4273424122593,178.277725679685,1.86506560840482,0.00624655109623168,0.00439474761931278,1.06792367149301,32.0800474781917,5.64444444444445,13.6498563545644,12.7857466791828,0.0777529884611401,0.00099661188176641
6.66666666666667,27.0167996281041,180.111997520694,1.83427184100879,0.00614341539922566,0.00448122262582379,1.08893709807518,33.1689845762669,5.64444444444445,13.9345076801291,13.5900324516933,0.0804285772510522,0.00103127505726305
6.83333333333333,26.6219654392867,181.916763835126,1.80476631443184,0.00604459432904265,0.00457228535652186,1.11106534163481,34.2800499179017,5.64444444444445,14.2137055510688,14.4218999223884,0.0831867470695087,0.0010668689168417
7,26.2418897574393,183.693228302075,1.77646446694888,0.00594980466822675,0.00466834182375654,1.13440706317284,35.4144569810745,5.64444444444445,14.4877312085109,15.2822813281192,0.0860381405730742,0.00110351942777691
7.16666666666667,25.8757001148865,185.44251749002,1.74928918794504,0.00585878815487361,0.00476984929424994,1.15907337850273,36.5735303595772,5.64444444444445,14.7568593715654,16.1722265435674,0.0889945215448227,0.00114136454551313
7.33333333333333,25.5225937490179,187.165687492798,1.72317000277798,0.00577130875253906,0.00487732482386133,1.1851899321983,37.7587202917755,5.64444444444445,15.0213595164959,17.0929163308352,0.0920689787267801,0.00118055636847229
7.5,25.1818306474784,188.863729856088,1.69804236329011,0.00568715027399477,0.00499135558142819,1.21289940628705,38.9716196980626,5.64444444444445,15.281497213937,18.0456780396811,0.0952761708845948,0.0012212637010754
7.66666666666667,24.8527274196954,190.537576884331,1.67384702824324,0.00560611430615556,0.00511261141944955,1.24236457492624,40.2139842729888,5.64444444444445,15.5375355507997,19.0320042777447,0.0986326238063558,0.00126367512667484
7.83333333333333,24.5346518814784,192.188106404914,1.65052952058258,0.00552801839232672,0.00524186028931007,1.27377205030235,41.4877563232912,5.64444444444445,15.7897366691641,20.0535752096827,0.102157093193797,0.00130800272140144
8,24.227018256936,193.816146055488,1.62803965057435,0.00545269443507775,0.00537998728894614,1.30733691121391,42.7950932345051,5.64444444444445,16.0383634620518,21.1122853280089,0.105871011832619,0.00135448657927647
8.16666666666667,23.9292829164625,195.42247715111,1.60633109562198,0.00537998728894614,0.00552801839232672,1.34330846933539,44.1384017038405,5.64444444444445,16.2836814761961,22.2102757832,0.109799045519112,0.00140340037228583
8.33333333333333,23.6409405816141,197.007838180117,1.58536102900723,0.00530975351700261,0.00568715027399477,1.38197751658073,45.5203792204212,5.64444444444445,16.525961085793,23.3499736901838,0.113969790698385,0.00145505824223798
8.5,23.3615209377782,198.572927971115,1.56508979099729,0.00524186028931007,0.00585878815487361,1.42368552163429,46.9440647420555,5.64444444444445,16.7654800201831,24.534140277428,0.118416658724416,0.00150982342265524
8.66666666666667,23.0905856039843,200.118408567864,1.545480596749,0.0051761844046249,0.00604459432904265,1.46883642195736,48.4129011640129,5.64444444444445,17.002526354634,25.7659303649345,0.123179008750648,0.00156811913143474
8.83333333333333,22.8277254163165,201.644907844129,1.5264992762655,0.00511261141944955,0.00624655109623168,1.5179119163843,49.9308130803972,5.64444444444445,17.2374021101004,27.0489665258523,0.128303616091787,0.00163044247797792
9,22.5725579873866,203.153021886479,1.50811404235009,0.00505103487085457,0.00646704339734955,1.57149154555594,51.5023046259531,5.64444444444445,17.4704276599583,28.3874325215503,0.133846599569798,0.00169738242197695
9.16666666666667,22.3247255094066,204.643317169561,1.49029528308142,0.00499135558142819,0.00670896881522803,1.63027942210041,53.1325840480535,5.64444444444445,17.701947216896,29.786192386713,0.139875986516271,0.0017696432524653
9.33333333333333,22.0838927727193,206.11633254538,1.47301537581922,0.00493348103633708,0.00697588623134579,1.69514035421703,54.8277244022706,5.64444444444445,17.9323357835577,31.2509441742684,0.146475178755534,0.00184807570141032
9.5,21.8497453753202,207.572581065542,1.45624852016186,0.00487732482386133,0.00727222012207315,1.76714948966378,56.5948738919343,5.64444444444445,18.1620081159263,32.7884213315636,0.153747715729524,0.00193371879171844
9.66666666666667,21.621988102052,209.01255165317,1.4399705876277,0.00482280613194108,0.00760354663216412,1.84766183161588,58.4425357235502,5.64444444444445,18.3914305017306,34.4066607773752,0.161823944581158,0.00202785705716697
9.83333333333333,21.4003434548434,210.436710639293,1.42415898612376,0.00476984929424994,0.00797700269468436,1.9384116548083,60.3809473783585,5.64444444444445,18.6211365538803,36.1153663800337,0.170870560265853,0.00213210022944855
10,21.1845503176816,211.845503176816,1.40879253752223,0.00471838338016923,0.00840188526487322,2.04165811936419,62.4226054977227,5.64444444444445,18.8517488611913,37.9264121920869,0.18110458120532,0.00224849652331943
10.1666666666667,20.9743627420028,213.239354543695,1.39385136687966,0.00466834182375654,0.00889055329093752,2.16040444969782,64.5830099474205,5.64444444444445,19.0840094094642,39.8545560935119,0.1928143901425,0.00237969748257106
10.3333333333333,20.7695488399077,214.618671345712,1.37931680201731,0.00461966208741645,0.00945982877986646,2.29873839350755,66.8817483409281,5.64444444444445,19.318823537731,41.9184803587526,0.206392426524069,0.00252920431912093
10.5,20.5698897741005,215.983842628055,1.36517128234271,0.00457228535652186,0.01013325452486,2.46238084954099,69.3441291904691,5.64444444444445,19.5573255351286,44.1423592108961,0.222387885214344,0.00270174749030442
10.6666666666667,20.3751788347485,217.335240903984,1.35139827592852,0.00452615626169147,0.0109448936873323,2.65960916602176,72.0037383564908,5.64444444444445,19.8009803166708,46.5583135953756,0.241595438447954,0.00290389285752184
10.8333333333333,20.1852205945816,218.673223107967,1.33798220398316,0.00448122262582379,0.011946066421147,2.90289414033872,74.9066324968295,5.64444444444445,20.0517483493556,49.2104397030295,0.265212610765393,0.00314505142602462
11,19.9998301345378,219.998131479916,1.32490837194933,0.00443743523332949,0.0132180813931566,3.21199377853705,78.1186262753666,5.64444444444445,20.3123684925882,52.1618133383339,0.295137363530436,0.003439248846834
11.1666666666667,19.8188323331172,221.310294386475,1.31216290655877,0.00439474761931278,0.0148983050920974,3.62028813737966,81.7389144127462,5.64444444444445,20.5868782476857,55.507591720616,0.334577838228216,0.00380842500024974
11.3333333333333,19.6420612133577,222.610027084721,1.29973269824598,0.00435311587670128,0.0172393873104478,4.18917111643881,85.9280855291851,5.64444444444445,20.8816619715083,59.4019791132323,0.38943873926163,0.00428908563000477
11.5,19.4693593420097,223.897632433112,1.28760534839114,0.00431249847954982,0.0207641615627068,5.04569125973775,90.9737767889228,5.64444444444445,21.2078415719544,64.1214907725239,0.47195116592916,0.00494713878701857
11.6666666666667,19.3005772760604,225.173401554037,1.27576912092536,0.00427285612095481,0.0267624316986808,6.50327090277944,97.4770476917022,5.64444444444445,21.5878047879728,70.244798459285,0.612330768676108,0.00591585799354775
11.8333333333333,19.1355730522746,226.437614451916,1.26421289787828,0.00423415156417261,0.0395083783536079,9.60053593992673,107.077583631629,5.64444444444445,22.0790607015394,79.3540784856451,0.910928002636012,0.0075144520095502
12,18.9742117158676,227.690540590411,1.2529261384955,0.00419634950569396,0.0860108579008299,20.9006384699017,127.978222101531,5.64444444444445,22.9318729315995,99.4019047254867,2.00478262398415,0.0107603813098169
12.1666666666667,18.8163648848225,228.932439432007,1.24189884159551,0.00415941644916842,0.0535092060992477,13.0027370821172,140.980959183648,5.64444444444445,23.3524497969904,111.984064942213,1.25821602167263,0.0217549313273278
12.3333333333333,18.6619103467194,230.163560942872,1.23112151086545,0.00412332058917135,0.0317259057841407,7.7093951055462,148.690354289194,5.64444444444445,23.5716557826406,119.474254062109,0.749018911989603,0.0190711431155025
12.5,18.5107316852563,231.384146065704,1.22058512283206,0.00408803170393124,0.0233109925876026,5.66457119878742,154.354925487981,5.64444444444445,23.7205455256076,124.989935517929,0.551568145582036,0.012855268461188
12.6666666666667,18.3627179339188,232.594427162971,1.21028109726666,0.00405352105620865,0.0188018243550836,4.5688433182853,158.923768806267,5.64444444444445,23.8338638740377,129.445460487785,0.445552496985525,0.00894169598342301
12.8333333333333,18.2177632545025,233.794628432782,1.20020126981072,0.0040197613016129,0.0159629279127959,3.87899148280941,162.802760289076,5.64444444444445,23.9256879934066,133.232627851225,0.378716736344052,0.00681276106124094
13,18.0757666384161,234.984966299409,1.19033786662771,0.0039867264037049,0.0139951634241646,3.40082471207199,166.203585001148,5.64444444444445,24.0030884293741,136.55605212733,0.332342427610453,0.00556651642590242
13.1666666666667,17.9366316288849,236.165649780317,1.18068348090796,0.00395439155530631,0.0125414006442469,3.047560356552,169.2511453577,5.64444444444445,24.0701172416924,139.536583671563,0.298053154423368,0.00477818978931997
13.3333333333333,17.8002660623539,237.336880831385,1.17123105106774,0.0039227331054832,0.0114176220402543,2.77448215578178,172.025627513482,5.64444444444445,24.129314259135,142.251868809903,0.27152851383392,0.00422960270969548
13.5,17.6665818275473,238.498854671888,1.16197384050307,0.00389172849173653,0.0105191031927065,2.55614207582768,174.58176958931,5.64444444444445,24.1823781578741,144.754946986991,0.250307817708855,0.00381960962819034
13.6666666666667,17.5354946407796,239.651760090654,1.15290541876621,0.0038613561769578,0.00978170019114606,2.37695314644849,176.958722735758,5.64444444444445,24.2305022857164,147.083776005597,0.23288290186062,0.00349899216186392
13.8333333333333,17.4069238362438,240.795779734707,1.14401964405221,0.00383159559077226,0.00916383585073802,2.22681211172934,179.185534847487,5.64444444444445,24.2745579179598,149.266532485083,0.218275647948587,0.00323998633367285
14,17.2807921701137,241.931090381592,1.13531064688593,0.00380242707490293,0.00863732040427521,2.09886885823888,181.284403705726,5.64444444444445,24.3152012075131,151.324758053769,0.205822556868563,0.00302551619412402
14.1666666666667,17.1570256374007,243.05786319651,1.12677281491784,0.00377383183224801,0.00818232833709119,1.98830578591316,183.272709491639,5.64444444444445,24.3529390462342,153.275326000961,0.195056794719204,0.00284442260136258
14.3333333333333,17.0355533005986,244.176263975247,1.11840077873663,0.00374579187936389,0.00778448676527553,1.89163028396195,185.164339775601,5.64444444444445,24.3881714455142,155.131723885643,0.185639788468191,0.00268906949167164
14.5,16.9163071292324,245.28645337387,1.11018939862348,0.00371829000210218,0.00743310570440083,1.8062446861694,186.970584461771,5.64444444444445,24.4212198252196,156.904920192107,0.177319630646403,0.00255403715084248
14.6666666666667,16.7992218495029,246.388587126043,1.10213375217268,0.00369130971414806,0.00712005866556801,1.73017425573303,188.700758717504,5.64444444444445,24.4523464914791,158.60396778158,0.169904758947359,0.00243536227592315
14.8333333333333,16.684234803287,247.482816248757,1.09422912271438,0.00366483521824534,0.00683905015385215,1.66188918738607,190.36264790489,5.64444444444445,24.4817684093447,160.236435051101,0.163246726952042,0.0023300733519583
15,16.5712858158156,248.569287237235,1.08647098847715,0.00363885136989924,0.00658512210657784,1.60018467189842,191.962832576788,5.64444444444445,24.5096671686865,161.808720963657,0.157228591255668,0.00223589471623648
15.1666666666667,16.460317071407,249.648142249672,1.0788550124378,0.00361334364338117,0.00635431274052239,1.54409799594694,193.506930572735,5.64444444444445,24.5361963426468,163.326289785644,0.151756882198657,0.0021510514925242
15.3333333333333,16.3512729966833,250.719519282477,1.07137703280486,0.00358829809985539,0.00614341539922566,1.49284994201183,194.999780514747,5.64444444444445,24.561487018596,164.793849051707,0.146755926606269,0.00207413720044786
15.5,16.2441001507465,251.78355233657,1.06403305409316,0.00356370135748582,0.00594980466822675,1.4458025343791,196.445583049126,5.64444444444445,24.5856520218865,166.215486582795,0.142163753108855,0.00200402160311049
15.6666666666667,16.1387471218285,252.840371575313,1.05681923874241,0.00353954056336459,0.00577130875253906,1.40242802686699,197.848011075993,5.64444444444445,24.6087891874475,167.594777444101,0.1379290861306,0.00193978513021939
15.8333333333333,16.0351644299721,253.890103474559,1.04973189924593,0.00351580336714929,0.00560611430615556,1.3622857763958,199.210296852389,5.64444444444445,24.6309839264362,168.934868481508,0.134009103740706,0.0018806712937606
16,15.9333044353318,254.932870965308,1.04276749074936,0.00349247789627427,0.00545269443507775,1.32500474772389,200.535301600113,5.64444444444445,24.652311263253,170.238545892415,0.130367741090708,0.00182605155518567
16.1666666666667,15.8331212517153,255.968793569397,1.03592260408917,0.00346955273263492,0.00530975351700261,1.29027010463163,201.825571704745,5.64444444444445,24.6728374692886,171.508289791011,0.126974389859606,0.00177539897944587
16.3333333333333,15.7345706650186,256.997987528637,1.02919395923993,0.0034470168906411,0.0051761844046249,1.25781281032385,203.083384515068,5.64444444444445,24.6926213858724,172.746318684752,0.123802889374002,0.00172826819939476
16.5,15.637610056229,258.020565927778,1.0225783991408,0.00342485979654038,0.00505103487085457,1.22740147361766,204.310785988686,5.64444444444445,24.7117155050114,173.95462603923,0.120830735447873,0.0016842799843095
16.6666666666667,15.5421983286994,259.036638811657,1.01607288387942,0.00340307126893878,0.00493348103633708,1.19883589182991,205.509621880516,5.64444444444445,24.7301668594369,175.135010576635,0.118038453740431,0.00164310921621138
16.8333333333333,15.4482958394175,260.046313296861,1.00967448520396,0.00338164150042007,0.00482280613194108,1.17194189006168,206.681563770578,5.64444444444445,24.7480177611033,176.28910156503,0.115409098839541,0.00160447542175434
17,15.3558643340123,261.049693678208,1.00338038134686,0.00336056104020935,0.00471838338016923,1.14656716138112,207.828130931959,5.64444444444445,24.7653064181926,177.418380069322,0.112927850429176,0.00156813524370062
17.1666666666667,15.2648668852628,262.046881530344,0.99718785213588,0.00333982077779876,0.00461966208741645,1.1225778872422,208.950708819201,5.64444444444445,24.7820674539368,178.52419692082,0.110581685149796,0.00153387640079189
17.3333333333333,15.1752678348877,263.03797580472,0.991094274376053,0.00331941192748052,0.00452615626169147,1.09985597159103,210.050564790792,5.64444444444445,24.7983323454944,179.607788000853,0.108359108003344,0.00150151280146195
17.5,15.0870327384117,264.023072922204,0.985097117483747,0.00329932601372441,0.00443743523332949,1.07829676169907,211.128861552491,5.64444444444445,24.8141297972787,180.670287310768,0.106249930991476,0.00147088056049554
17.6666666666667,15.0001283129186,265.002266861562,0.979193939357685,0.00327955485734877,0.00435311587670128,1.05780715803841,212.186668710529,5.64444444444445,24.8294860601894,181.712738205896,0.104245089512773,0.00144183472850041
17.8333333333333,14.9145223875159,265.975649244033,0.973382382471527,0.00326009056243365,0.00427285612095481,1.03830403739202,213.224972747921,5.64444444444445,24.8444252059245,182.736103097553,0.102336489165688,0.00141424658869007
18,14.8301838563448,266.943309414207,0.967660170174099,0.00324092550392939,0.00419634950569396,1.01971292988363,214.244685677805,5.64444444444445,24.8589693637793,183.741271869581,0.100516877202892,0.00138800140862089
18.1666666666667,14.7470826339849,267.905334517392,0.96202510318443,0.00322205231591765,0.00412332058917135,1.00196690316864,215.246652580974,5.64444444444445,24.8731389259477,184.729069210582,0.0987797341000174,0.00136299655937875
18.3333333333333,14.6651896131088,268.861809573662,0.956475056269937,0.00320346388048587,0.00405352105620865,0.985005616658702,216.231658197632,5.64444444444445,24.8869527262442,185.700261026944,0.0971191816362193,0.00133913993352358
18.5,14.5844766242572,269.812817548758,0.951007975096445,0.00318515331717723,0.0039867264037049,0.96877451610029,217.200432713733,5.64444444444445,24.9004281962855,186.655560073003,0.0955299046058997,0.00131634860746929
18.6666666666667,14.504916397607,270.758439421997,0.945621873239304,0.00316711397298015,0.0039227331054832,0.953224144632417,218.153656858365,5.64444444444445,24.9135815024742,187.595630911447,0.0940070838443717,0.00129454770503162
18.8333333333333,14.42648252662,271.698754251343,0.94031482934588,0.00314933941282483,0.0038613561769578,0.938309551000746,219.091966409366,5.64444444444445,24.9264276665591,188.521094298362,0.0925463386915908,0.00127366942746009
19,14.3491494334624,272.633839235786,0.935084984442483,0.00313182341056345,0.00380242707490293,0.923989779201411,220.015956188567,5.64444444444445,24.9389806720881,189.432531072035,0.0911436773672392,0.00125365222197298
19.1666666666667,14.2728923360953,273.563769775159,0.929930539373402,0.00311455994039294,0.00374579187936389,0.910227426685426,220.926183615253,5.64444444444445,24.9512535586985,190.33048561211,0.0897954540075006,0.00123444006609167
19.3333333333333,14.1976872169411,274.488619527528,0.924849752368516,0.00309754316870831,0.00369130971414806,0.896988260537978,221.823171875791,5.64444444444445,24.9632585058803,191.215468925466,0.0884983313356202,0.00121598184924788
19.5,14.1235107930388,275.408460464257,0.919840936729031,0.0030807674463516,0.00363885136989924,0.884240882885515,222.707412758676,5.64444444444445,24.975006907598,192.087961406634,0.0872492481167797,0.00119823083646622
19.6666666666667,14.0503404876042,276.323362922882,0.91490245862542,0.0030642273012367,0.00358829809985539,0.87195643826486,223.579369196941,5.64444444444445,24.9865094389477,192.948415313549,0.0860453906915183,0.00118114420159511
19.8333333333333,13.9781544029186,277.233395657885,0.910032735003085,0.00304791743133488,0.00353954056336459,0.860108356897595,224.439477553839,5.64444444444445,24.9977761158512,193.797256993543,0.0848841679994109,0.00116468261970654
20,13.9069312944736,278.138625889471,0.905230231586131,0.00303183269798896,0.00349247789627427,0.848672128794647,225.288149682633,5.64444444444445,25.0088163486468,194.634888889542,0.0837631895998953,0.00114880991003027
20.1666666666667,13.8366505463032,279.039119350448,0.900493460976634,0.00301596811954732,0.0034470168906411,0.837625104425787,226.125774787059,5.64444444444445,25.0196389903126,195.461691352302,0.0826802462760014,0.00113349272220435
20.3333333333333,13.7672921474406,279.934940331292,0.895820980843553,0.00300031886529809,0.00340307126893878,0.826946318352123,226.952721105411,5.64444444444445,25.0302523799572,196.27802428101,0.0816332928707567,0.00111870025978754
20.5,13.6988366694384,280.826151723487,0.891211392195316,0.00298488024968368,0.00336056104020935,0.816616332770872,227.769337438182,5.64444444444445,25.0406643821273,197.08422861161,0.0806204330600792,0.00110440403592974
20.6666666666667,13.6312652448977,281.712815061219,0.886663337731932,0.00296964772678156,0.00331941192748052,0.806617098377767,228.57595453656,5.64444444444445,25.0508824224074,197.880627669708,0.079639905809762,0.00109057765688736
20.8333333333333,13.5645595469517,282.594990561493,0.882175500274514,0.00295461688504441,0.00327955485734877,0.796931830335752,229.372886366896,5.64444444444445,25.0609135197251,198.667528402726,0.0786900733018115,0.00107719662972011
21,13.4987017696551,283.472737162757,0.877746601263595,0.00293978344227055,0.00324092550392939,0.787544897454841,230.160431264351,5.64444444444445,25.0707643157221,199.445222504184,0.0777694101457797,0.00106423819105252
21.1666666666667,13.4336746092323,284.346112562084,0.873375399327188,0.00292514324080811,0.00320346388048587,0.778441722958066,230.938872987309,5.64444444444445,25.0804411015078,200.213987441356,0.0768764937172335,0.00105168115423409
21.3333333333333,13.3694612461404,285.215173250996,0.869060688911759,0.00291069224296977,0.00316711397298015,0.769608695434177,231.708481682743,5.64444444444445,25.0899498420697,200.974087396229,0.0760099954872345,0.00103950577261457
21.5,13.3060453279056,286.07997454997,0.864801298974498,0.00289642652665289,0.00313182341056345,0.761033088766918,232.46951477151,5.64444444444445,25.0992961985846,201.725774128481,0.0751686732252011,0.0010276936169709
21.6666666666667,13.243410952694,286.940570641704,0.860596091733498,0.00288234228115355,0.00309754316870831,0.752702989996119,233.222217761506,5.64444444444445,25.1084855488446,202.469287768217,0.0743513639736051,0.0010162274653911
21.8333333333333,13.1815426535805,287.797014603175,0.856443961471314,0.00286843580315939,0.0030642273012367,0.744607234200517,233.966824995706,5.64444444444445,25.1175230059859,203.204857545276,0.0735569777059254,0.00100509120415246
22,13.1204253834803,288.649358436567,0.852343833392069,0.00285470349292179,0.00303183269798896,0.736735345611318,234.703560341318,5.64444444444445,25.1264134356876,203.932702461186,0.0727844915909657,0.000994269738323027
22.1666666666667,13.060044500711,289.497653099094,0.848294662526371,0.00284114185058815,0.00300031886529809,0.729077484267435,235.432637825585,5.64444444444445,25.135161471989,204.653031909152,0.0720329447965952,0.000983748910982123
22.3333333333333,13.0003857551542,290.341948531777,0.844295432683509,0.00282774747269258,0.00296964772678156,0.721624397607919,236.154262223193,5.64444444444445,25.1437715318574,205.366046246891,0.0713014337739565,0.000973515430099324
22.5,12.9414352749878,291.182293687226,0.84034515544846,0.0028145170487966,0.00293978344227055,0.714367376471745,236.868629599665,5.64444444444445,25.1522478286213,206.071937326599,0.0705891079707811,0.000963556802229897
22.6666666666667,12.8831795539609,292.018736556446,0.836442869220434,0.00280144735826902,0.00291069224296977,0.707298215041655,237.575927814706,5.64444444444445,25.1605943843772,206.770888985885,0.0698951659285797,0.000953861272290882
22.8333333333333,12.8256054391856,292.851324194738,0.832587638291955,0.00278853526720155,0.00288234228115355,0.700409174320313,238.276336989027,5.64444444444445,25.1688150414594,207.463077503123,0.0692188517238094,0.000944417768772007
23,12.7687001194219,293.680102746704,0.828778551965911,0.00277577772545162,0.00285470349292179,0.693692948779996,238.970029937807,5.64444444444445,25.1769134730599,208.148672020302,0.068559451717951,0.000935215853812564
23.1666666666667,12.7124511138308,294.505117470413,0.825014723709216,0.00276317176380773,0.00282774747269258,0.687142635864297,239.657172573671,5.64444444444445,25.184893193071,208.827834936156,0.0679162915853226,0.000926245677643763
23.3333333333333,12.6568462611752,295.326412760754,0.821295290340686,0.00275071449126951,0.00280144735826902,0.680751708059371,240.33792428173,5.64444444444445,25.1927575652189,209.500722272067,0.0672887335911412,0.000917497936953435
23.5,12.6018737094471,296.144032172006,0.817619411252224,0.00273840309243927,0.00277577772545162,0.674513987284743,241.012438269015,5.64444444444445,25.2005098115495,210.167484013021,0.0666761740954144,0.000908963836781525
23.6666666666667,12.5475219059014,296.958018439667,0.813986267661107,0.00272623482501769,0.00275071449126951,0.668423621378492,241.680861890394,5.64444444444445,25.2081530203197,210.828264425629,0.066078041260829,0.000900635055599314
23.8333333333333,12.493779587478,297.768413501559,0.810395061892109,0.00271420701739954,0.00272623482501769,0.662475062479299,242.343336952873,5.64444444444445,25.2156901533447,211.483202355084,0.0654937929454349,0.000892503713263013
24,12.4406357715937,298.575258518248,0.806845016688726,0.00270231706636675,0.00270231706636675,0.656663047127121,243,5.64444444444445,25.2231240528454,212.13243150271,0.0649229147626386,0.000884562341568133
