10/16/2019,0:10
10/16/2019,0:20
10/16/2019,0:30
10/16/2019,0:40
10/16/2019,0:50
10/16/2019,1:00
10/16/2019,1:10
10/16/2019,1:20
10/16/2019,1:30
10/16/2019,1:40
10/16/2019,1:50
10/16/2019,2:00
10/16/2019,2:10
10/16/2019,2:20
10/16/2019,2:30
10/16/2019,2:40
10/16/2019,2:50
10/16/2019,3:00
10/16/2019,3:10
10/16/2019,3:20
10/16/2019,3:30
10/16/2019,3:40
10/16/2019,3:50
10/16/2019,4:00
10/16/2019,4:10
10/16/2019,4:20
10/16/2019,4:30
10/16/2019,4:40
10/16/2019,4:50
10/16/2019,5:00
10/16/2019,5:10
10/16/2019,5:20
10/16/2019,5:30
10/16/2019,5:40
10/16/2019,5:50
10/16/2019,6:00
10/16/2019,6:10
10/16/2019,6:20
10/16/2019,6:30
10/16/2019,6:40
10/16/2019,6:50
10/16/2019,7:00
10/16/2019,7:10
10/16/2019,7:20
10/16/2019,7:30
10/16/2019,7:40
10/16/2019,7:50
10/16/2019,8:00
10/16/2019,8:10
10/16/2019,8:20
10/16/2019,8:30
10/16/2019,8:40
10/16/2019,8:50
10/16/2019,9:00
10/16/2019,9:10
10/16/2019,9:20
10/16/2019,9:30
10/16/2019,9:40
10/16/2019,9:50
10/16/2019,10:00
10/16/2019,10:10
10/16/2019,10:20
10/16/2019,10:30
10/16/2019,10:40
10/16/2019,10:50
10/16/2019,11:00
10/16/2019,11:10
10/16/2019,11:20
10/16/2019,11:30
10/16/2019,11:40
10/16/2019,11:50
10/16/2019,12:00
10/16/2019,12:10
10/16/2019,12:20
10/16/2019,12:30
10/16/2019,12:40
10/16/2019,12:50
10/16/2019,13:00
10/16/2019,13:10
10/16/2019,13:20
10/16/2019,13:30
10/16/2019,13:40
10/16/2019,13:50
10/16/2019,14:00
10/16/2019,14:10
10/16/2019,14:20
10/16/2019,14:30
10/16/2019,14:40
10/16/2019,14:50
10/16/2019,15:00
10/16/2019,15:10
10/16/2019,15:20
10/16/2019,15:30
10/16/2019,15:40
10/16/2019,15:50
10/16/2019,16:00
10/16/2019,16:10
10/16/2019,16:20
10/16/2019,16:30
10/16/2019,16:40
10/16/2019,16:50
10/16/2019,17:00
10/16/2019,17:10
10/16/2019,17:20
10/16/2019,17:30
10/16/2019,17:40
10/16/2019,17:50
10/16/2019,18:00
10/16/2019,18:10
10/16/2019,18:20
10/16/2019,18:30
10/16/2019,18:40
10/16/2019,18:50
10/16/2019,19:00
10/16/2019,19:10
10/16/2019,19:20
10/16/2019,19:30
10/16/2019,19:40
10/16/2019,19:50
10/16/2019,20:00
10/16/2019,20:10
10/16/2019,20:20
10/16/2019,20:30
10/16/2019,20:40
10/16/2019,20:50
10/16/2019,21:00
10/16/2019,21:10
10/16/2019,21:20
10/16/2019,21:30
10/16/2019,21:40
10/16/2019,21:50
10/16/2019,22:00
10/16/2019,22:10
10/16/2019,22:20
10/16/2019,22:30
10/16/2019,22:40
10/16/2019,22:50
10/16/2019,23:00
10/16/2019,23:10
10/16/2019,23:20
10/16/2019,23:30
10/16/2019,23:40
10/16/2019,23:50
10/17/2019,0:00
